codigo_ed;descricao;unidade;quantidade;inserido
COMPOSIÇÃO 01;"ENGENHEIRO OU ARQUITETO JUNIOR DE OBRA COM ENCARGOS
COMPLEMENTARES ENCARREGADO GERAL DE OBRAS COM ENCARGOS
COMPLEMENTARES ";MÊS;12;1
ED-16660;"FORNECIMENTO E COLOCAÇÃO DE PLACA DE OBRA EM CHAPA
GALVANIZADA #26, ESP. 0,45 MM, PLOTADA COM ADESIVO
VINÍLICO, AFIXADA COM REBITES 4,8X40 MM, EM ESTRUTURA
METÁLICA DE METALON 20X20 MM, ESP. 1,25 MM, INCLUSIVE
SUPORTE EM EUCALIPTO AUTOCLAVADO PINTADO COM TINTA
PVA DUAS (2) DEMÃOS";M²;4,5;1
ED-50135;"BARRACÃO DE OBRA, EM CHAPA DE COMPENSADO RESINADO,
INCLUSIVE INSTALAÇÕES SANITÁRIAS E MOBILIÁRIO - PADRÃO
DER-MG";M²;9;1
ED-17989;"LOCAÇÃO DE OBRA COM GABARITO DE TÁBUAS CORRIDAS
PONTALETADAS A CADA 2,00M, REAPROVEITAMENTO (2X),
INCLUSIVE ACOMPANHAMENTO DE EQUIPE TOPOGRÁFICA PARA
MARCAÇÃO DE PONTO TOPOGRÁFICO";M;70;1
ED-29823;"TAPUME FIXO DE PROTEÇÃO PARA FECHAMENTO DE OBRA EM
TELHA METÁLICA GALVANIZADA, TIPO TRAPEZOIDAL, ESP. 0,5MM,
COM MÓDULO NA DIMENSÃO DE (300X220)CM, COM
REAPROVEITAMENTO, EXCLUSIVE PINTURA ESMALTE, INCLUSIVE
PONTALETE E FIXAÇÃO";M²;19,8;1
ED-51110;"ESCAVAÇÃO MANUAL DE TERRA (DESATERRO MANUAL),
INCLUSIVE DESCARGA LATERAL, EXCLUSIVE RETIRADA E
TRANSPORTE DO MATERIAL ESCAVADO";M³;104,45;1
ED-51096;"COMPACTAÇÃO MECANIZADA DE ATERRO COM PLACA
VIBRATÓRIA, INCLUSIVE ESPALHAMENTO MANUAL";M³;33;1
ED-48457;"REMOÇÃO MANUAL DE ENGRADAMENTO PARA TELHA TIPO
CERÂMICA OU CONCRETO, INCLUSIVE AFASTAMENTO E
EMPILHAMENTO, EXCLUSIVE TRANSPORTE E RETIRADA DO
MATERIAL REMOVIDO NÃO REAPROVEITÁVEL";M²;157;1
ED-48438;"REMOÇÃO DE CALHA EM CHAPA GALVANIZADA OU EM PVC, COM
REAPROVEITAMENTO, INCLUSIVE AFASTAMENTO E
EMPILHAMENTO, EXCLUSIVE TRANSPORTE E RETIRADA DO
MATERIAL REMOVIDO NÃO REAPROVEITÁVEL";M;37;1
ED-48514;"REMOÇÃO MANUAL DE TELHA CERÂMICA, COM
REAPROVEITAMENTO, INCLUSIVE AFASTAMENTO E
EMPILHAMENTO, EXCLUSIVE TRANSPORTE E RETIRADA DO
MATERIAL REMOVIDO NÃO REAPROVEITÁVEL";M²;157;1
ED-48446;"REMOÇÃO MANUAL DE CONDUTOR EM PVC OU METÁLICO, COM
REAPROVEITAMENTO, INCLUSIVE AFASTAMENTO E
EMPILHAMENTO, EXCLUSIVE TRANSPORTE E RETIRADA DO
MATERIAL REMOVIDO NÃO REAPROVEITÁVEL";M;18;1
ED-48435;"DEMOLIÇÃO MANUAL DE ALVENARIA DE TIJOLO CERÂMICO OU
BLOCO DE CONCRETO, INCLUSIVE AFASTAMENTO E
EMPILHAMENTO, EXCLUSIVE TRANSPORTE E RETIRADA DO
MATERIAL DEMOLIDO";M³;3,92;1
ED-48494;"REMOÇÃO MANUAL DE FOLHA DE PORTA OU JANELA DE MADEIRA
OU METÁLICA, COM REAPROVEITAMENTO, INCLUSIVE
AFASTAMENTO E EMPILHAMENTO, EXCLUSIVE TRANSPORTE E
RETIRADA DO MATERIAL REMOVIDO NÃO REAPROVEITÁVEL";M²;10,08;1
ED-48480;"DEMOLIÇÃO MANUAL DE PISO CERÂMICO OU LADRILHO
HIDRÁULICO, INCLUSIVE AFASTAMENTO E EMPILHAMENTO,
EXCLUSIVE DEMOLIÇÃO DE CONTRAPISO, TRANSPORTE E
RETIRADA DO MATERIAL DEMOLIDO";M²;194,07;1
ED-48460;"REMOÇÃO MANUAL DE FORRO DE PLACAS (GESSO, MINERAL,
FIBRA, ISOPOR, COLMEIA, PVC, ETC.), COM REAPROVEITAMENTO,
INCLUSIVE AFASTAMENTO E EMPILHAMENTO, EXCLUSIVE
DEMOLIÇÃO DA ESTRUTURA DE SUSTENTAÇÃO, TRANSPORTE E
RETIRADA DO MATERIAL REMOVIDO NÃO REAPROVEITÁVEL";M²;125,88;1
ED-48467;"REMOÇÃO DE LOUÇAS (LAVATÓRIO, BANHEIRA, PIA, VASO
SANITÁRIO, TANQUE), COM REAPROVEITAMENTO, INCLUSIVE
AFASTAMENTO E EMPILHAMENTO, EXCLUSIVE TRANSPORTE E
RETIRADA DO MATERIAL REMOVIDO NÃO REAPROVEITÁVEL";UND;3;1
ED-48453;"DEMOLIÇÃO MANUAL DE DIVISÓRIA COMERCIAL EM LAMINADO,
INCLUSIVE AFASTAMENTO E EMPILHAMENTO, EXCLUSIVE
TRANSPORTE E RETIRADA DO MATERIAL DEMOLIDO";M²;49,4;1
ED-49742;EXECUÇÃO DE ESTACA TIPO STRAUSS, DIÂMETRO 32CM, EXCLUSIVE ARMAÇÃO, INCLUSIVE CONCRETO ESTRUTURAL, USINADO, COM FCK 20MPA, LANÇAMENTO, ADENSAMENTO E ACABAMENTO (FUNDAÇÃO);M;96;1
ED-48295;CORTE, DOBRA E MONTAGEM DE AÇO CA-50, DIÂMETRO (6,3MM A 12,5MM), INCLUSIVE ESPAÇADOR;KG;2550,12;1
ED-49804;"FORNECIMENTO DE CONCRETO ESTRUTURAL, USINADO
BOMBEADO, COM FCK 20MPA, INCLUSIVE LANÇAMENTO,
ADENSAMENTO E ACABAMENTO (FUNDAÇÃO)";M³;49,11;1
ED-50842;"PILAR EM CONCRETO APARENTE 20 MPa, INCLUSIVE ARMAÇÃO,
FÔRMA PLASTIFICADA E DESFORMA";M³;18,96;1
ED-50850;"VIGA DE 0,21 A 0,35 M DE LARGURA EM CONCRETO 20MPa,
APARENTE, ARMAÇÃO, FÔRMA PLASTIFICADA, ESCORAMENTO E
DESFORMA";M³;46,85;1
ED-50848;"LAJE 10 CM MACIÇA DE CONCRETO 20 MPa, COM ARMAÇÃO,
FÔRMA RESINADA, ESCORAMENTO E DESFORMA";M²;365,8;1
ED-50846;"ESCADA DE CONCRETO 20 MPa, APARENTE, ESPELHO = 16,3 CM,
ARMAÇÃO, FÔRMA PLASTIFICADA, ESCORAMENTO E DESFORMA";M³;2,12;1
ED-48233;"ALVENARIA DE VEDAÇÃO COM TIJOLO CERÂMICO FURADO, ESP.
19CM, PARA REVESTIMENTO, INCLUSIVE ARGAMASSA PARA
ASSENTAMENTO";M²;217,52;1
ED-48232;"ALVENARIA DE VEDAÇÃO COM TIJOLO CERÂMICO FURADO, ESP.
14CM, PARA REVESTIMENTO, INCLUSIVE ARGAMASSA PARA
ASSENTAMENTO";M²;640;1
ED-9903;"VERGA OU CONTRAVERGA EM CONCRETO ESTRUTURAL PARA
VÃOS DE ATÉ 150CM, PREPARADO EM OBRA COM BETONEIRA,
CONTROLE ""A"", COM FCK 20 MPA, MOLDADA IN LOCO, INCLUSIVE
ARMAÇÃO";M³;1,55;1
ED-50174;"IMPERMEABILIZAÇÃO COM EMULSÃO ASFÁLTICA, DUAS (2)
DEMÃOS";M²;50,4;1
ED-51004;"SOLEIRA DE MÁRMORE, COR BRANCO COMUM, ESP. 2CM,
ACABAMENTO POLIDO, ASSENTAMENTO COM ARGAMASSA
INDUSTRIALIZADA, INCLUSIVE REJUNTAMENTO";M²;2,912;1
ED-50999;"PEITORIL DE MÁRMORE, NA COR BRANCO COMUM, COM
PINGADEIRA, ESP. 2CM, ACABAMENTO POLIDO, ASSENTAMENTO
COM ARGAMASSA INDUSTRIALIZADA, INCLUSIVE REJUNTAMENTO";M²;7;1
ED-50727;"CHAPISCO COM ARGAMASSA, TRAÇO 1:3 (CIMENTO E AREIA), ESP
. 5MM, APLICADO EM ALVENARIA/ESTRUTURA DE CONCRETO
COM COLHER, INCLUSIVE ARGAMASSA COM PREPARO
MECANIZADO";M²;1583,63;1
ED-50761;"REBOCO COM ARGAMASSA, TRAÇO 1:2:8 (CIMENTO, CAL E AREIA)
, ESP. 20MM, APLICAÇÃO MANUAL, INCLUSIVE ARGAMASSA COM
PREPARO MECANIZADO, EXCLUSIVE CHAPISCO";M²;1583,63;1
ED-50514;"PREPARAÇÃO PARA EMASSAMENTO OU PINTURA (LÁTEX/
ACRÍLICA) EM PAREDE, INCLUSIVE UMA (1) DEMÃO DE SELADOR
ACRÍLICO";M²;1458,27;1
ED-50473;"EMASSAMENTO EM PAREDE COM MASSA ACRÍLICA, UMA (1)
DEMÃO, INCLUSIVE LIXAMENTO PARA PINTURA";M²;1616,27;1
ED-50451;"PINTURA ACRÍLICA EM PAREDE, DUAS (2) DEMÃOS, COM
APLICAÇÃO MANUAL, EXCLUSIVE SELADOR ACRÍLICO E MASSA
ACRÍLICA/CORRIDA (PVA)";M²;1883,27;1
ED-9081;"REVESTIMENTO COM CERÂMICA APLICADO EM PAREDE,
ACABAMENTO ESMALTADO, AMBIENTE INTERNO/EXTERNO,
PADRÃO EXTRA, DIMENSÃO DA PEÇA ATÉ 2025 CM2, PEI III,
ASSENTAMENTO COM ARGAMASSA INDUSTRIALIZADA, INCLUSIVE
REJUNTAMENTO";M²;189,52;1
ED-48332;"PINGADEIRA COM DIMENSÃO (20X5)CM, MOLDADO ""IN-LOCO"", EM
CONCRETO NÃO ESTRUTURAL, PREPARADO EM OBRA COM
BETONEIRA, COM FCK 15MPA, INCLUSIVE LANÇAMENTO,
ADENSAMENTO, ACABAMENTO E ARMAÇÃO";M;110;1
ED-6296;"REVESTIMENTO COM ARGAMASSA BARITADA, ESPESSURA MAIOR
QUE 30MM E MENOR OU IGUAL A 35MM, APLICAÇÃO MANUAL
COM DESEMPENADEIRA, INCLUSIVE PREPARO MANUAL DA
ARGAMASSA";M²;123,4;1
ED-20603;"FORNECIMENTO DE ESTRUTURA METÁLICA E ENGRADAMENTO
METÁLICO, EM AÇO, PARA TELHADO, EXCLUSIVE TELHA,
INCLUSIVE FABRICAÇÃO, TRANSPORTE, MONTAGEM E
APLICAÇÃO DE FUNDO PREPARADOR ANTICORROSIVO EM
SUPERFÍCIE METÁLICA, UMA (1) DEMÃO";KG;1980,5;1
ED-13852;"COBERTURA EM TELHA METÁLICA GALVANIZADA ONDULADA,
TIPO SIMPLES, ESP. 0,50MM, ACABAMENTO NATURAL, INCLUSIVE
ACESSÓRIOS PARA FIXAÇÃO, FORNECIMENTO E INSTALAÇÃO";M²;275;1
ED-50663;"CALHA EM CHAPA GALVANIZADA, ESP. 0,5MM (GSG-26), COM
DESENVOLVIMENTO DE 50CM, INCLUSIVE IÇAMENTO MANUAL
VERTICAL";M;62;1
ED-50683;"RUFO E CONTRARRUFO EM CHAPA GALVANIZADA, ESP. 0,5MM (
GSG-26), COM DESENVOLVIMENTO DE 20CM, INCLUSIVE
IÇAMENTO MANUAL VERTICAL";M;48;1
ED-50668;"CONDUTOR CIRCULAR DE ÁGUA PLUVIAL PARA DO TELHADO EM
TUBO DE PVC, DIÂMETRO DE 100MM, INCLUSIVE CONEXÕES E
SUPORTES";M;96;1
ED-49918;"CAIXA DE DRENAGEM DE INSPEÇÃO/PASSAGEM EM ALVENARIA (
70X70X40CM), REVESTIMENTO EM ARGAMASSA COM ADITIVO
IMPERMEABILIZANTE, COM TAMPA EM GRELHA, INCLUSIVE
ESCAVAÇÃO, REATERRO E TRANSPORTE COM RETIRADA DO
MATERIAL ESCAVADO (EM CAÇAMBA)";UND;5;1
ED-49804;"FORNECIMENTO DE CONCRETO ESTRUTURAL, USINADO
BOMBEADO, COM FCK 20MPA, INCLUSIVE LANÇAMENTO,
ADENSAMENTO E ACABAMENTO (FUNDAÇÃO)";M³;5,25;1
ED-50568;"CONTRAPISO DESEMPENADO COM ARGAMASSA, TRAÇO 1:3 (
CIMENTO E AREIA), ESP. 30MM, INCLUSIVE ARGAMASSA COM
PREPARO MECANIZADO";M²;453,6;1
ED-50754;"REVESTIMENTO COM PORCELANATO APLICADO EM PISO,
ACABAMENTO POLÍDO, AMBIENTE INTERNO, PADRÃO EXTRA,
BORDA RETIFICADA, DIMENSÃO DA PEÇA (60X60)CM,
ASSENTAMENTO COM ARGAMASSA INDUSTRIALIZADA, INCLUSIVE
REJUNTAMENTO";M²;215,54;1
ED-49687;"FORRO EM CHAPA DE GESSO ACARTONADO, ESP. 12,5MM, COM
FIXAÇÃO DO TIPO ARAMADO, EXCLUSIVE PERFIL TABICA, SANCA
E MOLDURA, INCLUSIVE ACESSÓRIOS E FIXAÇÃO";M²;370,75;1
ED-28454;"PERFIL TABICA GALVANIZADO, TIPO LISA, COM ACABAMENTO EM
PINTURA, NA COR BRANCA, PARA FORRO EM CHAPA DE GESSO
ACARTONADO, INCLUSIVE ACESSÓRIOS DE FIXAÇÃO";M;301,1;1
COMPOSIÇÃO 02;PORCELANATO AMADEIRADO ACETINADO PARA ÁREA EXTERNA RETIFICADO 26X106cm POLIDO ASSENTAMENTO COM ARGAMASSA INDUSTRIALIZADA, INCLUSIVE REJUNTAMENTO;M²;168,66;1
ED-50516;"PREPARAÇÃO PARA EMASSAMENTO OU PINTURA (LÁTEX/
ACRÍLICA) EM PAREDE OU FORRO EM CHAPA DE GESSO
ACARTONADO (DRYWALL), INCLUSIVE UMA (1) DEMÃO DE
SELADOR ACRÍLICO";M²;421,15;1
ED-50485;"EMASSAMENTO EM FORRO DE GESSO COM MASSA ACRÍLICA,
UMA (1) DEMÃO, INCLUSIVE LIXAMENTO PARA PINTURA";M²;421,15;1
ED-50452;"PINTURA ACRÍLICA EM TETO, DUAS (2) DEMÃOS, COM APLICAÇÃO
MANUAL, EXCLUSIVE SELADOR ACRÍLICO E MASSA ACRÍLICA/
CORRIDA (PVA)";M²;421,15;1
ED-49689;"FORRO DE MADEIRA EM ANGELIM, INCLUSIVE ESTRUTURA DE
FIXAÇÃO, EXCLUSIVE CIMALHA DE ACABAMENTO";M²;63,35;1
ED-50610;"REVESTIMENTO COM MÁRMORE BRANCO APLICADO EM PISO,
ESP. 3CM, ASSENTAMENTO COM ARGAMASSA INDUSTRIALIZADA,
INCLUSIVE REJUNTAMENTO";M²;44,1;1
COMPOSIÇÃO 03;"FORNECIMENTO E INSTALAÇÃO DE CARPETE ADEQUADO PARA TRÁFEGO COMERCIAL PESADO (CLASSE 33), COM SUPERFÍCIE HOMOGÊNEA E NIVELADA; FIOS 100% SDN – SOLUTION DYED NYLON (PA) PREVIAMENTE PROTEGIDOS CONTRA PROLIFERAÇÃO DE ÁCAROS E MICRÓBIOS, DESBOTAMENTO E IMPREGNAÇÃO DE MANCHAS E SUJEIRAS, COM CLASSIFICAÇÃO DE REAÇÃO AO FOGO NO MÍNIMO CLASSE II-A, CONFORME NORMA DE PROCEDIMENTO TÉCNICO NPT 010 DO CORPO DE BOMBEIROS MILITAR DO PARANÁ. CARACTERÍSTICAS: CONSTRUÇÃO TUFTING - BOUCLÊ. ALTURA TOTAL DE 6,0 MM (± 10%). DENSIDADE DA FIBRA DE 230,5 KG/M³. BASES PRIMÁRIA E SECUNDÁRIA 100% POLIPROPILENO (PP). RESISTÊNCIA AO MANCHAMENTO COM ÍNDICE 10 - SEM MANCHAMENTO. CONTROLE ELETROSTÁTICO PERMANENTE. PROPENSÃO ELETROSTÁTICA MENOR QUE 2,0 KV. INCLUSA A INSTALAÇÃO. COR A ESCOLHER MEDIANTE CATÁLOGO DE CORES. MARCAS DE REFERÊNCIA: BELGOTEX, AVANTI E DESSO. CARPETE MATERIAL SUPERFÍCIE: 100% SINTÉTICO, MATERIAL BASE: 100% SINTÉTICO, LARGURA: 50CM, CARACTERÍSTICAS ADICIONAIS: PADRÃO; TUFTING BOUCLÉ, COMPRIMENTO: 50CM";M²;104,15;1
ED-28728;"FORRO EM RÉGUA DE PVC, LARGURA 20CM, NA COR BRANCA,
INCLUSIVE ESTRUTURA DE FIXAÇÃO E PENDURAIS METÁLICOS E
ACESSÓRIOS DE FIXAÇÃO, EXCLUSIVE RODAFORRO OU
MOLDURA";M;13,95;1
ED-49170;"CAIXA DE PASSAGEM EM ALVENARIA E TAMPA DE CONCRETO,
FUNDO DE BRITA, TIPO 1, DIMENSÃO (50X50X60)CM, INCLUSIVE
ESCAVAÇÃO, REATERRO E BOTA-FORA";UND;4;1
ED-13357;"LUMINÁRIA PLAFON REDONDO DE VIDRO JATEADO REDONDO
COMPLETA, DIÂMETRO 25 CM, PARA UMA (1) LÂMPADA LED,
POTÊNCIA 15W, BULBO A65, FORNECIMENTO E INSTALAÇÃO,
INCLUSIVE BASE E LÂMPADA";UND;54;1
ED-22351;"REFLETOR DE LED, POTÊNCIA DE 300W, EXCLUSIVE SUPORTE E
POSTE";UND;18;1
ED-14197;"QUADRO DE DISTRIBUIÇÃO DE EMBUTIR EM CHAPA, PARA 44
DISJUNTORES DIN, INCLUSIVE BARRAMENTOS NEUTRO/TERRA E
BARRAMENTO TRIFÁSICO DE 100A";UND;2;1
ED-14181;"QUADRO DE DISTRIBUIÇÃO DE EMBUTIR EM PVC, PARA 12
DISJUNTORES DIN, INCLUSIVE BARRAMENTOS NEUTRO/TERRA,
EXCLUSIVE BARRAMENTO DE FASE";UND;1;1
ED-5435;"DISJUNTOR DE PROTEÇÃO DIFERENCIAL RESIDUAL (DR),
BIPOLAR TIPO DIN, CORRENTE NOMINAL DE 100A, SENSIBILIDADE
DE 30MA, FORNECIMENTO E INSTALAÇÃO, INCLUSIVE TERMINAL
ILHÓS";UND;3;1
ED-16601;"DISPOSITIVO DE PROTEÇÃO CONTRA SURTOS (DPS)
MONOPOLAR, CORRENTE DE INTERRUPÇÃO 45KA, INCLUSIVE
TERMINAL ILHÓS";UND;3;1
ED-50227;"PONTO DE EMBUTIR PARA UM (1) INTERRUPTOR SIMPLES (10A-
250V), COM PLACA 4""X2"" DE UM (1) POSTO, COM ELETRODUTO
FLEXÍVEL CORRUGADO, ANTI-CHAMA, DN 25MM (3/4""), EMBUTIDO
NA ALVENARIA E CABO DE COBRE FLEXÍVEL, CLASSE 5,
ISOLAMENTO TIPO LSHF/ATOX, NÃO HALOGENADO, SEÇÃO 1,
5MM2 (70°C-450/750V), COM DISTÂNCIA DE ATÉ DEZ (10) METROS
DO PONTO DE DERIVAÇÃO, INCLUSIVE CAIXA DE LIGAÇÃO,
SUPORTE E FIXAÇÃO DO ELETRODUTO COM ENCHIMENTO DO
RASGO NA ALVENARIA/CONCRETO COM ARGAMASSA";UND;38;1
ED-50228;"PONTO DE EMBUTIR PARA UMA (1) LUMINÁRIA,COM ELETRODUTO
DE PVC RÍGIDO ROSCÁVEL, DN 20MM (3/4""), EMBUTIDO NA LAJE E
CABO DE COBRE FLEXÍVEL, CLASSE 5, ISOLAMENTO TIPO LSHF/
ATOX, NÃO HALOGENADO, SEÇÃO 1,5MM2 (70°C-450/750V), COM
DISTÂNCIA DE ATÉ CINCO (5) METROS DO PONTO DE DERIVAÇÃO,
EXCLUSIVE LUMINÁRIA, INCLUSIVE CAIXA DE LIGAÇÃO
OCTOGONAL, SUPORTE E FIXAÇÃO DO ELETRODUTO";UND;101;1
ED-50232;"PONTO DE EMBUTIR PARA UMA (1) TOMADA PADRÃO, TRÊS (3)
POLOS (2P+T/10A-250V), COM PLACA 4""X2"" DE UM (1) POSTO, COM
ELETRODUTO FLEXÍVEL CORRUGADO, ANTI-CHAMA, DN 25MM (3/
4""), EMBUTIDO NA ALVENARIA E CABO DE COBRE FLEXÍVEL,
CLASSE 5, ISOLAMENTO TIPO LSHF/ATOX, NÃO HALOGENADO,
SEÇÃO 2,5MM2 (70°C-450/750V), COM DISTÂNCIA DE ATÉ DEZ (10)
METROS DO PONTO DE DERIVAÇÃO, INCLUSIVE CAIXA DE
LIGAÇÃO, SUPORTE E FIXAÇÃO DO ELETRODUTO COM
ENCHIMENTO DO RASGO NA ALVENARIA/CONCRETO COM
ARGAMASSA";UND;96;1
ED-48946;"CABO ISOLADO DE COBRE FLEXÍVEL, CLASSE 5, ISOLAMENTO
TIPO LSHF/ATOX, NÃO HALOGENADO E ANTICHAMA, DIÂMETRO
DA SEÇÃO DE 1,5MM2, TEMPERATURA DE TRABALHO 70°C,
TENSÃO NOMINAL DE OPERAÇÃO 450/750V";M;250;1
ED-48951;"CABO ISOLADO DE COBRE FLEXÍVEL, CLASSE 5, ISOLAMENTO
TIPO LSHF/ATOX, NÃO HALOGENADO E ANTICHAMA, DIÂMETRO
DA SEÇÃO DE 2,5MM2, TEMPERATURA DE TRABALHO 70°C,
TENSÃO NOMINAL DE OPERAÇÃO 450/750V";M;400;1
ED-48956;"CABO ISOLADO DE COBRE FLEXÍVEL, CLASSE 5, ISOLAMENTO
TIPO LSHF/ATOX, NÃO HALOGENADO E ANTICHAMA, DIÂMETRO
DA SEÇÃO DE 4MM2, TEMPERATURA DE TRABALHO 70°C, TENSÃO
NOMINAL DE OPERAÇÃO 450/750V";M;180;
ED-48961;"CABO ISOLADO DE COBRE FLEXÍVEL, CLASSE 5, ISOLAMENTO
TIPO LSHF/ATOX, NÃO HALOGENADO E ANTICHAMA, DIÂMETRO
DA SEÇÃO DE 6MM2, TEMPERATURA DE TRABALHO 70°C, TENSÃO
NOMINAL DE OPERAÇÃO 450/750V";M;210;
ED-48966;"CABO ISOLADO DE COBRE FLEXÍVEL, CLASSE 5, ISOLAMENTO
TIPO LSHF/ATOX, NÃO HALOGENADO E ANTICHAMA, DIÂMETRO
DA SEÇÃO DE 10MM2, TEMPERATURA DE TRABALHO 70°C,
TENSÃO NOMINAL DE OPERAÇÃO 450/750V";M;120;
ED-48976;"CABO ISOLADO DE COBRE FLEXÍVEL, CLASSE 5, ISOLAMENTO
TIPO LSHF/ATOX, NÃO HALOGENADO E ANTICHAMA, DIÂMETRO
DA SEÇÃO DE 25MM2, TEMPERATURA DE TRABALHO 70°C,
TENSÃO NOMINAL DE OPERAÇÃO 450/750V";M;200;
ED-13338;"LUMINÁRIA COMERCIAL CHANFRADA DE SOBREPOR COMPLETA,
PARA DUAS (2) LÂMPADAS TUBULARES LED 2X18W-ØT8,
TEMPERATURA DA COR 6500K, FORNECIMENTO E INSTALAÇÃO,
INCLUSIVE BASE E LÂMPADAS";UND;29;
ED-34476;"DISJUNTOR BIPOLAR TIPO DIN, CORRENTE NOMINAL DE 25A,
FORNECIMENTO E INSTALAÇÃO, INCLUSIVE TERMINAL ILHÓS";UND;7;
ED-34480;"DISJUNTOR BIPOLAR TIPO DIN, CORRENTE NOMINAL DE 63A,
FORNECIMENTO E INSTALAÇÃO, INCLUSIVE TERMINAL ILHÓS";UND;2;
ED-34461;"DISJUNTOR MONOPOLAR TIPO DIN, CORRENTE NOMINAL DE 16A,
FORNECIMENTO E INSTALAÇÃO, INCLUSIVE TERMINAL ILHÓS";UND;5;
ED-34464;"DISJUNTOR MONOPOLAR TIPO DIN, CORRENTE NOMINAL DE 32A,
FORNECIMENTO E INSTALAÇÃO, INCLUSIVE TERMINAL ILHÓS";UND;3;
ED-49414;"ELETRODUTO FLEXÍVEL CORRUGADO, PVC, ANTI-CHAMA, DN
25MM (3/4""), APLICADO EM ALVENARIA, INCLUSIVE RASGO";M;200;
ED-49415;"ELETRODUTO FLEXÍVEL CORRUGADO, PVC, ANTI-CHAMA, DN
32MM (1""), APLICADO EM ALVENARIA, INCLUSIVE RASGO";M;150;
ED-49296;"DUTO CORRUGADO EM POLIETILENO DE ALTA DENSIDADE (PEAD)
, DIÂMETRO DE 50MM (2""), EXCLUSIVE ENVELOPAMENTO";M;40;
ED-50230;"PONTO DE EMBUTIR SECO, PARA UMA (1) PLACA CEGA 4""X4"",
COM ELETRODUTO FLEXÍVEL CORRUGADO, ANTI-CHAMA, DN
25MM (3/4""), EMBUTIDO NA ALVENARIA E SONDA EM ARAME
GALVANIZADO, DIÂMETRO DE 1,24MM (BWG 18), COM DISTÂNCIA
DE ATÉ DEZ (10) METROS DO PONTO DE DERIVAÇÃO, INCLUSIVE
CAIXA DE LIGAÇÃO, SUPORTE E FIXAÇÃO DO ELETRODUTO COM
ENCHIMENTO DO RASGO NA ALVENARIA/CONCRETO COM
ARGAMASSA";UND;39;
ED-9194;"CABO UTP COM QUATRO (4) PARES, CATEGORIA 6,
CLASSIFICAÇÃO LSZH, COM ISOLAMENTO NÃO HALOGENADO E
ANTICHAMA, EXCLUSIVE CONECTOR/PLUG MACHO RJ45 E
CRIMPAGEM";M;150;
ED-9195;"CONECTOR/PLUG MACHO RJ45, CATEGORIA 6, INCLUSIVE CAPA
PROTETORA E CRIMPAGEM, EXCLUSIVE CERTIFICAÇÃO";UND;39;
ED-50223;"PONTO DE EMBUTIR PARA ESGOTO EM TUBO PVC RÍGIDO, PB -
SÉRIE NORMAL, DN 40MM (1.1/2""), EMBUTIDO NA ALVENARIA/PISO,
COM ALTURA (SAÍDA) DE 50CM DO PISO, COM DISTÂNCIA DE ATÉ
CINCO (5) METROS DO RAMAL DE ESGOTO, EXCLUSIVE
ESCAVAÇÃO, INCLUSIVE CONEXÕES E FIXAÇÃO DO TUBO COM
ENCHIMENTO DO RASGO NA ALVENARIA/CONCRETO COM
ARGAMASSA";UND;19;
ED-50225;"PONTO DE EMBUTIR PARA ESGOTO EM TUBO PVC RÍGIDO, PBV -
SÉRIE NORMAL, DN 100MM (4""), EMBUTIDO EM PISO COM
DISTÂNCIA DE ATÉ CINCO (5) METROS DO RAMAL DE ESGOTO,
INCLUSIVE CONEXÕES E FIXAÇÃO DO TUBO COM ENCHIMENTO
DO RASGO NO CONCRETO COM ARGAMASSA";UND;4;
ED-50221;"PONTO DE EMBUTIR PARA ÁGUA FRIA EM TUBO DE PVC RÍGIDO
SOLDÁVEL, DN 20MM (1/2""), EMBUTIDO NA ALVENARIA COM
DISTÂNCIA DE ATÉ CINCO (5) METROS DA TOMADA DE ÁGUA,
INCLUSIVE CONEXÕES E FIXAÇÃO DO TUBO COM ENCHIMENTO
DO RASGO NA ALVENARIA/CONCRETO COM ARGAMASSA";UND;18;
ED-49956;"RALO SIFONADO PVC CILINDRÍCO 100 X 70 X 40 MM COM GRELHA
REDONDA";UND;4;
ED-50007;"CAIXA SIFONADA EM PVC COM GRELHA QUADRADA150 X 150 X 50
MM";UND;6;
ED-50029;"FORNECIMENTO E ASSENTAMENTO DE TUBO PVC RÍGIDO,
ESGOTO, PBV - SÉRIE NORMAL, DN 100 MM (4""), INCLUSIVE
CONEXÕES";M;60;
ED-49939;"CAIXA DE GORDURA SIMPLES (CGS), CIRCULAR, EM CONCRETO
PRÉ-MOLDADO, CAPACIDADE DE 31L, INCLUSIVE ESCAVAÇÃO,
REATERRO, TRANSPORTE E RETIRADA DO MATERIAL ESCAVADO
(EM CAÇAMBA)";UND;1;
ED-49903;"CAIXA DE ESGOTO DE INSPEÇÃO/PASSAGEM EM ALVENARIA (
100X100X50CM), REVESTIMENTO EM ARGAMASSA COM ADITIVO
IMPERMEABILIZANTE, COM TAMPA DE CONCRETO, INCLUSIVE
ESCAVAÇÃO, REATERRO E TRANSPORTE COM RETIRADA DO
MATERIAL ESCAVADO (EM CAÇAMBA)";UND;4;
ED-49937;"CAIXA D'ÁGUA DE POLIETILENO, CAPACIDADE DE 1.500L,
INCLUSIVE TAMPA, TORNEIRA DE BOIA, EXTRAVASOR, TUBO DE
LIMPEZA E ACESSÓRIOS, EXCLUSIVE TUBULAÇÃO DE ENTRADA/
SAÍDA DE ÁGUA";UND;1;
ED-49988;"REGISTRO DE GAVETA, TIPO BASE, ROSCÁVEL 1/2"" (PARA TUBO
SOLDÁVEL OU PPR DN 20MM/CPVC DN 15MM), INCLUSIVE
ACABAMENTO (PADRÃO POPULAR) E CANOPLA CROMADOS";UND;10;
ED-50000;"REGISTRO DE ESFERA, TIPO PVC SOLDÁVEL DN 25MM (3/4""),
INCLUSIVE VOLANTE PARA ACIONAMENTO";UND;2;
ED-49845;"ADAPTADOR SOLDÁVEL DE PVC MARROM COM FLANGES E ANEL
PARA CAIXA DÁGUA Ø 25 MM X 3/4""";UND;2;
ED-50019;"FORNECIMENTO E ASSENTAMENTO DE TUBO PVC RÍGIDO
SOLDÁVEL, ÁGUA FRIA, DN 25 MM (3/4"") , INCLUSIVE CONEXÕES";M;70;
ED-50304;"TORNEIRA DE BOIA, TIPO ROSCÁVEL 3/4"", EXCLUSIVE
ADAPTADOR SOLDÁVEL DE PVC COM FLANGES E ANEL PARA
CAIXA DÁGUA";UND;2;
ED-48156;"ASSENTO PLÁSTICO PARA BACIA SANITÁRIA, NA COR BRANCA,
PADRÃO POPULAR, INCLUSIVE ACESSÓRIOS PARA FIXAÇÃO";UND;4;
ED-6926;"BACIA SANITÁRIA (VASO) DE LOUÇA CONVENCIONAL ACESSÍVEL (
PCR/PMR), COR BRANCA, INCLUSIVE ACESSÓRIOS DE FIXAÇÃO/
VEDAÇÃO E REJUNTAMENTO, EXCLUSIVE ASSENTO, VÁLVULA DE
DESCARGA E TUBO DE LIGAÇÃO";UND;2;
ED-50298;"BACIA SANITÁRIA (VASO) DE LOUÇA CONVENCIONAL, COR
BRANCA, INCLUSIVE ACESSÓRIOS DE FIXAÇÃO/VEDAÇÃO,
VÁLVULA DE DESCARGA METÁLICA COM ACIONAMENTO DUPLO,
TUBO DE LIGAÇÃO DE LATÃO COM CANOPLA E REJUNTAMENTO,
EXCLUSIVE ASSENTO";UND;2;
ED-50316;"DUCHA HIGIÊNICA COM REGISTRO PARA CONTROLE DE FLUXO
DE ÁGUA, DIÂMETRO DE 1/2"" (20MM), INCLUSIVE ACESSÓRIOS";UND;4;
ED-50278;"CUBA EM AÇO INOXIDÁVEL DE EMBUTIR, AISI 304, APLICAÇÃO
PARA PIA (560X330X115)MM, NÚMERO 2, ASSENTAMENTO EM
BANCADA, INCLUSIVE VÁLVULA DE ESCOAMENTO DE METAL COM
ACABAMENTO CROMADO, SIFÃO DE METAL TIPO COPO COM
ACABAMENTO CROMADO";UND;4;
ED-48349;"RODABANCA/FRONTÃO PARA BANCADA EM MÁRMORE, COR
BRANCO COMUM, ESP. 2CM, ALTURA DE 7CM, INCLUSIVE
REJUNTAMENTO EM MASSA PLÁSTICA NA COR DA PEDRA";M;42;
ED-21862;"BANCADA EM MÁRMORE, COR BRANCO COMUM, ESP. 3CM,
ACABAMENTO POLIDO, APOIADA EM CONSOLE DE METALON (
50X30)MM, EXCLUSIVE RODABANCA/FRONTÃO, TESTEIRA/FAIXA,
FURO EM BANCADA, CUBA METÁLICA, VÁLVULA, SIFÃO,
TORNEIRA E ENGATE FLEXÍVEL";M²;10,55;
ED-50330;"TORNEIRA METÁLICA PARA LAVATÓRIO, ABERTURA 1/4 DE VOLTA,
ACABAMENTO CROMADO, COM AREJADOR, APLICAÇÃO DE MESA
, INCLUSIVE ENGATE FLEXÍVEL METÁLICO";UND;11;
ED-50280;"CUBA DE LOUÇA BRANCA DE SOBREPOR, FORMATO OVAL,
INCLUSIVE VÁLVULA DE ESCOAMENTO DE METAL COM
ACABAMENTO CROMADO, SIFÃO DE METAL TIPO COPO COM
ACABAMENTO CROMADO";UND;8;
ED-51151;"ESPELHO CRISTAL COM MOLDURA EM ALUMÍNIO, DIMENSÃO (
60X90)CM, COM ESP. 4MM, INCLUSIVE FIXAÇÃO COM ADESIVO/
SELANTE A BASE DE POLIURETANO, FORNECIMENTO E
INSTALAÇÃO";UND;5;
ED-25562;"ARMÁRIO SOB BANCADA EM MDF LAMINADO BRANCO FOSCO,
FORNECIMENTO INCLUSIVE TODOS ACESSÓRIOS E INSTALAÇÃO";UND;8;
ED-50331;"TORNEIRA METÁLICA PARA TANQUE, ACABAMENTO CROMADO,
BICO COM ROSCA";UND;1;
ED-50324;"TORNEIRA METÁLICA PARA PIA, BICA MÓVEL, ABERTURA 1/4 DE
VOLTA, ACABAMENTO CROMADO, COM AREJADOR, APLICAÇÃO
DE MESA, INCLUSIVE ENGATE FLEXÍVEL METÁLICO";UND;4;
ED-50290;"TANQUE DE LOUÇA BRANCA COM COLUNA, CAPACIDADE 22
LITROS, INCLUSIVE ACESSÓRIOS DE FIXAÇÃO, VÁLVULA DE
ESCOAMENTO DE METAL COM ACABAMENTO CROMADO, SIFÃO
DE METAL TIPO COPO COM ACABAMENTO CROMADO E
REJUNTAMENTO, EXCLUSIVE TORNEIRA";UND;1;
ED-50279;"CUBA DE LOUÇA BRANCA DE EMBUTIR, FORMATO OVAL,
INCLUSIVE VÁLVULA DE ESCOAMENTO DE METAL COM
ACABAMENTO CROMADO, SIFÃO DE METAL TIPO COPO COM
ACABAMENTO CROMADO";UND;3;
ED-32000;"CORRIMÃO DUPLO EM TUBO GALVANIZADO, COM COSTURA,
DIÂMETRO DE 1.1/2"", ESP. 3MM, FIXADO EM ALVENARIA,
INCLUSIVE SUPORTE PARA CORRIMÃO EM BARRA CHATA (1""X1/2"")
, EXCLUSIVE PINTURA";M;14;
ED-50496;"PINTURA ESMALTE BASE SOLVENTE EM TUBO GALVANIZADO,
DUAS (2) DEMÃOS, COM APLICAÇÃO MANUAL, INCLUSIVE UMA (1)
DEMÃO DE FUNDO ANTICORROSIVO";M;21;
ED-48164;"BARRA DE APOIO EM AÇO INOX POLIDO RETA, DIÂMETRO DE 1.1/
4"", PARA ACESSIBILIDADE (PMR/PCR), COMPRIMENTO 70CM,
INSTALADO EM PAREDE, INCLUSIVE ACESSÓRIOS PARA FIXAÇÃO";UND;2;
ED-48160;"BARRA DE APOIO EM AÇO INOX POLIDO RETA, DIÂMETRO DE 1.1/
4"", PARA ACESSIBILIDADE (PMR/PCR), COMPRIMENTO 80CM,
INSTALADO EM PAREDE, INCLUSIVE ACESSÓRIOS PARA FIXAÇÃO";UND;4;
ED-49605;"PORTA DE MADEIRA COMPLETA, DIMENSÃO (80X210)CM, TIPO DE
ABRIR, UMA (1) FOLHA, COM REVESTIMENTO EM LAMINADO
MELAMÍNICO NAS DUAS (2) FACES, INCLUSIVE MARCO,
DOBRADIÇAS, FECHADURA E ALIZAR";UND;27;
ED-51158;"VIDRO TEMPERADO TRANSPARENTE INCOLOR, ESP. 6MM,
INCLUSIVE FIXAÇÃO E VEDAÇÃO COM GUARNIÇÃO/GAXETA DE
BORRACHA NEOPRENE, FORNECIMENTO E INSTALAÇÃO,
EXCLUSIVE CAIXILHO/PERFIL";M²;36,28;
ED-29482;"JANELA EM ALUMÍNIO MÁXIM-AR COM ALTURA DE 80CM, LINHA 25/
SUPREMA, ACABAMENTO ANODIZADO NATURAL, INCLUSIVE
PERFIS, VIDRO LISO 4MM E INSTALAÇÃO, EXCLUSIVE FERRAGENS
PARA MÓDULO DE JANELA DE ALUMÍNIO MÁXIM-AR";M²;22,72;
ED-29451;"FERRAGENS PARA MÓDULO DE JANELA DE ALUMÍNIO MÁXIM-AR,
INCLUSIVE FECHO E BRAÇO, FORNECIMENTO E INSTALAÇÃO,
EXCLUSIVE JANELA";UND;27;
ED-29487;"PORTA EM ALUMÍNIO COMPLETA, DIMENSÃO (160X210)CM, TIPO
DE CORRER, COM DUAS (2) FOLHAS, LINHA 25/SUPREMA,
ACABAMENTO ANODIZADO NATURAL, INCLUSIVE PERFIS, VIDRO,
FERRAGENS E INSTALAÇÃO";UND;4;
ED-9075;"FORNECIMENTO DE ANDAIME METÁLICO PARA FACHADA (
LOCAÇÃO), INCLUSIVE PISO METÁLICO E SAPATAS, EXCLUSIVE
MONTAGEM E DESMONTAGEM";M²XMES;208;
ED-48246;"MONTAGEM E DESMONTAGEM DE ANDAIME METÁLICO PARA
FACHADA COM PISO METÁLICO, EXCLUSIVE FORNECIMENTO DO
ANDAIME E RODAPÉ/GUARDA-CORPO EM MADEIRA";M²;104;
ED-48184;"DISTRIBUIDOR/DISPENSER PARA ÁLCOOL EM GEL OU SABONETE
LÍQUIDO, EM AÇO INOX, CAPACIDADE RESERVATÓRIO 800ML,
INCLUSIVE ACESSÓRIOS PARA FIXAÇÃO";UND;20;
ED-48175;"TOALHEIRO/CABIDE EM TUBO, ACABAMENTO CROMADO, TIPO
SIMPLES, COMPRIMENTO DE 60CM, INCLUSIVE ACESSÓRIOS
PARA FIXAÇÃO";UND;5;
ED-26989;"LUMINÁRIA DE EMERGÊNCIA AUTÔNOMA, TIPO LED POTÊNCIA
TOTAL DE 2W, FORNECIMENTO E INSTALAÇÃO";UND;38;
ED-29386;"PLACA FOTOLUMINESCENTE PARA SINALIZAÇÃO DE
EMERGÊNCIA, TIPO ""A1"", DIMENSÃO DA BASE 300MM, INCLUSIVE
FIXAÇÃO";UND;22;
ED-29388;"PLACA FOTOLUMINESCENTE PARA SINALIZAÇÃO DE
EMERGÊNCIA, TIPO ""E1"", DIMENSÃO (300X300)MM, INCLUSIVE
FIXAÇÃO";UND;8;
ED-50193;"EXTINTOR DE INCÊNDIO TIPO PÓ QUÍMICO 2-A:20-B:C,
CAPACIDADE 6 KG";UND;8;
ED-50636;"PLACA DE ALUMÍNIO FUNDIDO, DIMENSÃO (20X5)CM, PARA
DENOMINAÇÃO DE CÔMODOS, INCLUSIVE FIXAÇÃO";UND;24;
ED-50437;"PLANTIO DE GRAMA ESMERALDA EM PLACAS, INCLUSIVE TERRA
VEGETAL E CONSERVAÇÃO POR TRINTA (30) DIAS";M²;8;
ED-50448;"FORNECIMENTO DE PALMEIRA LICURI COM ALTURA MÉDIA DE 2,
00M, EXCLUSIVE PLANTIO";UND;2;
ED-50432;"PLANTIO E PREPARO DE COVAS PARA ÁRVORES COM ALTURA
MÉDIA DE 2,00M, DIMENSÕES (60X60X60)CM, EXCLUSIVE
FORNECIMENTO DAS MUDAS";UND;4;
ED-50449;"FORNECIMENTO DE PALMEIRA ARECA-BAMBU COM ALTURA
MÍNIMA DE 50CM, EXCLUSIVE PLANTIO";UND;2;
ED-50777;"RODAPÉ EM MADEIRA DE LEI, COM ACABAMENTO APARELHADO E
CANTO BOLEADO, ALTURA DE 7CM, ESP. 2CM, INCLUSIVE
FIXAÇÃO";M;170;
ED-50756;"REVESTIMENTO COM PEDRA SÃO TOMÉ APLICADO EM PAREDE (
40X40)CM, ESP. 2CM, ACABAMENTO NATURAL, ASSENTAMENTO
COM ARGAMASSA INDUSTRIALIZADA, AMBIENTE INTERNO/
EXTERNO, ALTURA MÁXIMA DE 3M PARA APLICAÇÃO DA PEDRA,
INCLUSIVE REJUNTAMENTO";M²;26,48;
COMPOSIÇÃO 04;FORNECIMENTO E INSTALAÇÃO DE TELHA POLICARBONATO RESISTENTE A EXPOSIÇÃO SOLAR E AO IMPACTO EFEITO MEMORIA FLEXIVEL SEM NECESSIDADE DE PERFIS DE VEDAÇÃO;M²;16;
COMPOSIÇÃO 05;FORNECIMENTO E INSTALAÇÃO DE EXAUSTOR TENSÃO: 110V OU 220V VAZÃO: 72M3/H (220V) - 83M3/H (110V) NÍVEL DE RUÍDO: 34DBA (220V) - 37DBA (110V) DIÂMETRO DO DUTO: 100MM OU 4 POLEGADAS PRESSÃO: 16PA POTÊNCIA: 8W VELOCIDADE: 1860RPM (220V) - 2015 (110V)PESO: 0,650GR INCLUSO DUTO SEMIFLEXIVEL EM ALUMINIO 100 MM 6 METROS LUVA DE UNIAO E GRELHA PARA SAIDA DE AR;UND;8;
ED-48441;"DEMOLIÇÃO MANUAL DE CONCRETO ARMADO, INCLUSIVE
AFASTAMENTO E EMPILHAMENTO, EXCLUSIVE TRANSPORTE E
RETIRADA DO MATERIAL DEMOLIDO";M³;0,225;
ED-50266;LIMPEZA FINAL PARA ENTREGA DA OBRA;M²;453;
